{
  "project_info": {
    "project_number": "492032084318",
    "project_id": "xchange-7f8ad",
    "storage_bucket": "xchange-7f8ad.appspot.com"
  },
  "client": [
    {
      "client_info": {
        "mobilesdk_app_id": "1:492032084318:android:25f2d9979b6dc51683e7cf",
        "android_client_info": {
          "package_name": "com.project.xchange"
        }
      },
      "oauth_client": [
        {
          "client_id": "492032084318-k8nja8skrs69ra7godvutu80ktdun5d2.apps.googleusercontent.com",
          "client_type": 1,
          "android_info": {
            "package_name": "com.project.xchange",
            "certificate_hash": "1a434ea255ff67ca9720377c6e87936bfad9bfd8"
          }
        },
        {
          "client_id": "492032084318-ipmgb261b9bm8qr47o0j7m3b77v8k7ng.apps.googleusercontent.com",
          "client_type": 3
        }
      ],
      "api_key": [
        {
          "current_key": "AIzaSyAqbaNgvYzdA4zcfTTR4xfDVJ_j4tAW4PM"
        }
      ],
      "services": {
        "appinvite_service": {
          "other_platform_oauth_client": [
            {
              "client_id": "492032084318-ipmgb261b9bm8qr47o0j7m3b77v8k7ng.apps.googleusercontent.com",
              "client_type": 3
            }
          ]
        }
      }
    }
  ],
  "configuration_version": "1"
}